{
    "IsEncrypted": false,
  "Values": {
    "AzureWebJobsStorage": "UseDevelopmentStorage=true",
    "FUNCTIONS_WORKER_RUNTIME": "dotnet",
    "Domain": "sitecore",
    "Sitecoreusername": "username",
    "Password": "passwordgiven",
    "Host": "http://yourappurl",
    "SurveyFormDataFolderPath": "sitecore/content/Shared Data/Survey Data Folder/Survey Form Folder",
    "SurveyFormDataTemplateID": "{8F99F32E-4B5B-400B-AB7A-D36BA911ACD8}",
    "ItemServiceAuthUrl": "/sitecore/api/ssc/auth/login",
    "ItemServiceSearchUrl": "/sitecore/api/ssc/item/search?term=*{SEARCHTERM}*&database=master&language=en&facet=_templatename|Survey%20Form%20Data",
    "ItemServiceCreateUrl": "/sitecore/api/ssc/item/sitecore/content/Shared Data/Survey Data Folder/Survey Form Folder?database=master&language={lang}",
    "ItemServiceUpdateUrl": "/sitecore/api/ssc/item/{itemid}/?database=master&language={lang}"
  }
}